{
  "accuracy": 0.8663,
  "precision_macro": 0.8662095596882577,
  "recall_macro": 0.8663000000000001,
  "f1_macro": 0.8661463561472015,
  "precision_weighted": 0.8662095596882579,
  "recall_weighted": 0.8663,
  "f1_weighted": 0.8661463561472016,
  "per_class": {
    "class_0": {"precision": 0.872444011684518, "recall": 0.896, "f1": 0.8840651208682783},
    "class_1": {"precision": 0.9204322200392927, "recall": 0.937, "f1": 0.9286422200198216},
    "class_2": {"precision": 0.8371174728529122, "recall": 0.848, "f1": 0.8425235966219573},
    "class_3": {"precision": 0.7161100196463654, "recall": 0.729, "f1": 0.7224975222993062},
    "class_4": {"precision": 0.8709036742800397, "recall": 0.877, "f1": 0.8739412057797707},
    "class_5": {"precision": 0.7983014861995754, "recall": 0.752, "f1": 0.7744593202883625},
    "class_6": {"precision": 0.9115577889447236, "recall": 0.907, "f1": 0.9092731829573935},
    "class_7": {"precision": 0.906, "recall": 0.906, "f1": 0.906},
    "class_8": {"precision": 0.9225352112676056, "recall": 0.917, "f1": 0.9197592778335005},
    "class_9": {"precision": 0.9066937119675457, "recall": 0.894, "f1": 0.9003021148036254}
  },
  "avg_inference_time_ms": 0.3756507288051557,
  "throughput_samples_per_sec": 2662.0472777484874
}
