{
  "train_loss": [
    1.9031247003390765,
    1.6288448362685621,
    1.5377722590114362,
    1.4745310899167776,
    1.434466448454811,
    1.3905083009610162,
    1.3661197705771595,
    1.3389363928724782,
    1.3215228696219838,
    1.3002165586422807,
    1.2867685167934186,
    1.26654652322824,
    1.2473964908252508,
    1.2411645494710903,
    1.2201603491085407,
    1.2053120143878193,
    1.1902050480675013,
    1.1771596681576568,
    1.1625172010245033,
    1.15268987322006,
    1.1367962375616494,
    1.1258882192757944,
    1.11647680887399,
    1.101569898402729,
    1.0900818318985521,
    1.0808989329459948,
    1.071306584170832,
    1.0601463018895718,
    1.0494380616151486,
    1.037166289247263,
    1.0260445627922448,
    1.0203403023104318,
    1.0100282516342383,
    1.002777631861714,
    0.9942375124452975,
    0.9898991973255389,
    0.9791782382197274,
    0.974195309911673,
    0.9661154933630849,
    0.9711256383326107,
    0.964141106834046,
    0.9583168343994946,
    0.9591551712526681,
    0.9554763982852046,
    0.9499531254981654,
    0.9516518523517888,
    0.9513797687646299,
    0.9502912870230386,
    0.9493049225106407,
    0.9527081765305881
  ],
  "train_acc": [
    56.2,
    67.855,
    70.98,
    73.2225,
    74.335,
    76.0775,
    76.865,
    77.7825,
    78.4175,
    79.08,
    79.44,
    80.3225,
    80.9825,
    80.97,
    81.855,
    82.6475,
    82.96,
    83.52,
    84.045,
    84.1875,
    84.9525,
    85.4275,
    85.71,
    86.3025,
    86.6975,
    87.1675,
    87.5225,
    87.9775,
    88.3525,
    88.7125,
    89.2825,
    89.3575,
    89.835,
    90.0525,
    90.275,
    90.58,
    91.0275,
    91.23,
    91.5925,
    91.3775,
    91.6675,
    91.86,
    91.84,
    91.995,
    92.305,
    92.0275,
    92.3025,
    92.3525,
    92.1975,
    92.035
  ],
  "val_loss": [
    1.7857092815109445,
    1.6022579081450836,
    1.5631922951227502,
    1.5016148558145836,
    1.486874040169052,
    1.4476074508473844,
    1.3886691045157518,
    1.360016626647756,
    1.3994267665887181,
    1.3430576430091374,
    1.3541739605650116,
    1.3043579798710496,
    1.3280117587198186,
    1.3468591774566263,
    1.2771823677835585,
    1.2753776372233523,
    1.2668827349626566,
    1.2597691846799246,
    1.2732821929303906,
    1.2474048831794835,
    1.2384493969663788,
    1.2344550769540328,
    1.231785111789462,
    1.2071474383148966,
    1.2078092928174176,
    1.1958271076407614,
    1.1946303074872946,
    1.1977814398234403,
    1.1791856379448613,
    1.1795912075646315,
    1.1741377235967903,
    1.167684965495822,
    1.1667503729651245,
    1.1688973692399036,
    1.1745568212074569,
    1.1616014574147477,
    1.163177244270904,
    1.1595010983793042,
    1.1620818316182004,
    1.15821912620641,
    1.1533493950397153,
    1.1588149991216539,
    1.1587248120126845,
    1.1508007698421236,
    1.154013138783129,
    1.1502788157402715,
    1.1590443411959876,
    1.1486529217490666,
    1.1462941848779027,
    1.1509264949001843
  ],
  "val_acc": [
    61.27,
    67.73,
    69.6,
    71.35,
    71.65,
    74.37,
    75.06,
    76.11,
    74.83,
    76.73,
    76.43,
    78.3,
    77.14,
    76.84,
    78.97,
    78.77,
    79.29,
    79.66,
    79.5,
    80.02,
    80.25,
    80.42,
    80.95,
    81.65,
    81.42,
    81.8,
    81.74,
    81.75,
    82.79,
    82.69,
    82.82,
    82.61,
    83.39,
    83.22,
    82.62,
    83.7,
    83.55,
    83.44,
    83.51,
    83.9,
    83.75,
    83.76,
    83.66,
    83.69,
    84.05,
    83.99,
    83.78,
    83.86,
    84.4,
    83.96
  ]
}